type,id
0x10c7fc80c534962171cf93221f306a448e0b393f,bottle::Monkey<0x32b7adf6d37109671ca391afb9657b4d3c89101c::bottle::BOTTLE>
0x51ddfbefac91347224b2b167d3c32166b66ea7ad,display::DisplayDomain
0x55c80d9998dfccf681521f9a1ecc82889463041e,collection::Collection<0x32b7adf6d37109671ca391afb9657b4d3c89101c::bottle::BOTTLE>
0x578494db150209340136ff6894419ad1d895178b,display::SymbolDomain
0x63691f90195b1a7010bfd24b4a4780519c601b6e,bottle::AdminCap<0x32b7adf6d37109671ca391afb9657b4d3c89101c::bottle::BOTTLE>
0xa55f03a5cbaf28a214ef9e43aed48f7c9c6c2b31,creators::CreatorsDomain<0x32b7adf6d37109671ca391afb9657b4d3c89101c::bottle::BOTTLE>
0xb588d3e462ce562ff59d3bdcc3933152b15c1717,bottle::Dispenser<0x32b7adf6d37109671ca391afb9657b4d3c89101c::bottle::BOTTLE>
0xb6fab7b6bfa12e655ffe931c584d2a37db586236,mint_cap::MintCap<0x32b7adf6d37109671ca391afb9657b4d3c89101c::bottle::BOTTLE>
0xd8454d6d940193a50006fcdb8ba61e74d208fb62,display::UrlDomain
